id,nome
1,Talita
2,Samantha Thurling
3,Jodi Nathon
4,Arliene Grigorushkin
5,Udale Warton
6,Rriocard Syfax
7,Ninnette Scallon
8,Riley Glazzard
9,Analiese Hackley
10,Ives Bountiff
11,Lori Rother
12,Jazmin Umbert
13,Rosalia MacKintosh
14,Agneta Klazenga
15,Sonny Slowan
16,Emanuele Sagg
17,Deanna Janic
18,Irving Jenny
19,Wallis Worsalls
20,Ives Hunnaball
21,Hubey Anstiss
22,Angelika Roch
23,Wendie Philpault
24,Sampson Odgaard
25,Valeda Pollastrino
26,Celeste Allen
27,Susie Vlies
28,Frants Phillips
29,Winny Alders
30,Bastian Dymock
31,Donella Petricek
32,Darbee Hanster
33,Aretha Dering
34,Millicent Wasling
35,Renaud Stubbin
36,Chrissie Beyn
37,Christos Scholar
38,Kellen Ludlow
39,Elliot Sherrocks
40,Tabbatha Twort
41,Bernie Powney
42,Patrice Gingold
43,Raina Ogg
44,Lory Bellefant
45,Philbert Ellice
46,Bevon Solley
47,Darrin Hulbert
48,Niki Keeltagh
49,Drew Brion
50,Aeriela Gasson
51,Reggie O'Hartagan
52,Kara Mirrlees
53,Bibbie Josse
54,Archambault Silliman
55,Devland Degoy
56,Devlen Norwood
57,Fulvia Dickenson
58,Nickolai Hopkynson
59,Sander Astill
60,Gael Fagg
61,Crin Baldack
62,Marylin Ugoletti
63,Johnathon Meeson
64,Otho Chesterman
65,Kristoffer Kirkman
66,Tanya Povey
67,Ede Bodechon
68,Christye Thirst
69,Basia Markie
70,Aidan Gaisford
71,Hersh Marton
72,Josefa Grishenkov
73,Meridith Origan
74,Penny Stallion
75,Hinze McGuffie
76,York Yankeev
77,Nichole Farrall
78,Hoyt Baybutt
79,Valentia Baroux
80,Ambrose Etheridge
81,Aylmar McCleod
82,Delora Hollingshead
83,Debora Portingale
84,Albertina Gruczka
85,Grissel Assante
86,Corrine Borleace
87,Fan Filipov
88,Laetitia Ride
89,Uta Greatrakes
90,Tony Bunny
91,Archibaldo Agus
92,Bernardina Brittoner
93,Dorolisa Garbott
94,Garrard Colbran
95,Stacia Du Hamel
96,Floyd Andersson
97,Margo Grassett
98,Keely Kuban
99,Theodosia Margery
100,Mendie Milleton
101,Arline Pendre
102,Caron Jeanin
103,Suzi Beazer
104,Tirrell Brigdale
105,Rodie Scaplehorn
106,Gerhardt Dudgeon
107,Hanson Dugan
108,Flori Mar
109,Tiebout Polet
110,Adelheid Jellman
111,Delcine Wordsworth
112,Frannie Paddell
113,Burlie Bakewell
114,Northrup Hudleston
115,Marci Gliddon
116,Esra Skittles
117,Lucien Dudenie
118,Cary MacDunleavy
119,Valle Speedin
120,Della Mathen
121,Pasquale Coyle
122,Orelle Maharey
123,Ambros Marousek
124,Paulina Casbon
125,Mic Mennithorp
126,Inger Lilleman
127,Andris Kobel
128,Agathe Lilleman
129,Griffith Hodjetts
130,Debra Cohrs
131,Rebecka Cattellion
132,Yankee Slyde
133,Coleen Wellan
134,Timi Vautre
135,Shanie Stollen
136,Faina Moukes
137,Rani Sproul
138,Humfrey Keatley
139,Shep Costanza
140,Andria Stenett
141,Phillipe Gorst
142,Ker Ducker
143,Talbert Butcher
144,Carroll Upcott
145,Palmer Cockle
146,Thea Westmoreland
147,Darcy Jarman
148,Joycelin Daubeny
149,Sigmund Pinilla
150,Nathaniel Segeswoeth
151,Cob Sirett
152,Joleen Toovey
153,Lucy Cranton
154,Cheri Haskew
155,Packston Casillas
156,Mord Hinkins
157,Kristyn Crimes
158,Mendie Stein
159,Nissa Nickoles
160,Jasun Maccrea
161,Meade Theml
162,Sisely Duberry
163,Almira Ganderton
164,Charlean Wingeatt
165,Jany Golby
166,Nickolas Greenwood
167,Nikos Daud
168,Mary Reddings
169,Yehudi Cyphus
170,Paddie Tranter
171,Diena Ropert
172,Jareb Stoffels
173,Kris Gercke
174,Oralie Cullerne
175,Lyle Tootal
176,Shannan Dunsire
177,Toma Matashkin
178,Reed Lorentz
179,Egan Pitrelli
180,Viola Ivic
181,Fara Eisikovitsh
182,Noel Pepi
183,Yorgos Eytel
184,Shane Piperley
185,Linda St. Ledger
186,Papageno Poltone
187,Mervin Lambole
188,Yanaton O'Loinn
189,Wilhelm Jillings
190,Arther Birk
191,Denys Rulton
192,Nico Manuely
193,Audre Grinishin
194,Joey Neesham
195,Shandeigh Tendahl
196,Ignatius Coolson
197,Krystyna Siggin
198,Ernesto Moulton
199,Inger Tyne
200,Paige O'Hannigan
201,Vivyanne Bennit
202,Maurizio McAnalley
203,Lief Streetley
204,Alleen Szapiro
205,Paloma Padson
206,Sheena McAulay
207,Fanchette Surgeon
208,Dane Vedenichev
209,Valentine Rainon
210,Waite Jurgen
211,Natale Growy
212,Amabel Groombridge
213,Colly Brambill
214,Timi Carette
215,Shani Trahear
216,Glenden MacGarvey
217,Wenona Jaggi
218,Agretha Esmead
219,Ambrosio De Freyne
220,Lucina Dikes
221,Osbourn Anger
222,Lewes O' Donohue
223,Nixie Sonier
224,Gerrard Bilbee
225,Elita Duesberry
226,Marc Benford
227,Alessandra Di Baudi
228,Elfie Jinkinson
229,Stesha Vynarde
230,Linnea Weeden
231,Toma Grimmolby
232,Tremayne Bowring
233,Quinta Bromby
234,Glynis Boykett
235,Davy Flatman
236,Alberto Castelijn
237,Ami Kiddey
238,Humberto Le Teve
239,Caesar Buggy
240,Gianna McKeon
241,Rubetta Goffe
242,Sibbie Cattenach
243,Patrizius Scaplehorn
244,Kiel Buller
245,Cindy Huxley
246,Hannie Pettyfar
247,Paulie Heistermann
248,Avis McLinden
249,Brynna Van Dalen
250,Rob Tilney
251,Debbi Toombs
252,Petronella Parram
253,Sydney Tours
254,Theresita Hoofe
255,Pandora Wickey
256,Gayelord Serle
257,Tansy Ghidotti
258,Aubree Cisson
259,Benito Gouldthorp
260,Fulvia Tomankiewicz
261,Theobald Boobier
262,Erena Willgrass
263,Loretta Itzkovich
264,Electra Spire
265,Marty Groucock
266,Halimeda Burrows
267,Gerhard Cuttings
268,Pauly Sauvain
269,Ricki Huntly
270,Cristabel Lamey
271,Marten Gallagher
272,Alameda Vaulkhard
273,Analiese Hearson
274,Frederico Fellini
275,Kele Sinnatt
276,Filmer Fritchly
277,Keane Stook
278,Solomon Maven
279,Travus Manoch
280,Luce Rubenchik
281,Georgianne Sarver
282,Verina Liversley
283,Katrinka Gutierrez
284,Paulette Crady
285,Cyrille Grisard
286,Morgun Breckin
287,Cam Eagland
288,Ross Bramford
289,Ferdie Divers
290,Ring Turneaux
291,Shurlock Conklin
292,Kimberlyn Gras
293,Howie Yalden
294,Frans Lichtfoth
295,Carolee Rayworth
296,Red O'Gready
297,Roseanne Hritzko
298,Harriott Pohls
299,Rafa Carl
300,Cyndy Bernhardsson
301,Paige Cockrem
302,Tressa Divis
303,Birk Baroch
304,Alexis Street
305,Ashley Johananov
306,Melodee Nassie
307,Bernadina Bartholomieu
308,Yves Chesman
309,Avrom Hardesty
310,Audy Jerzycowski
311,Sybille Girvan
312,Amalea Pirt
313,Celinka Orridge
314,Zedekiah Paulino
315,Waring Haxley
316,Ashlie Bodycombe
317,Geralda Belvard
318,Guendolen LLelweln
319,Ciro Skehan
320,Raquel Dumbrall
321,Dulcea Birdis
322,Merrily Terlinden
323,Duff Murricanes
324,Natalya Sawyers
325,Aristotle Mariotte
326,Lilith Menicomb
327,Sherline Paddeley
328,Tad Maudlin
329,Ford Hunnywell
330,Debera Wadeling
331,Ernestus Terzo
332,Chrysa Folan
333,Sanson Diloway
334,Tiphani Beeton
335,Lind Healing
336,Andreana Svanini
337,Gideon Piatto
338,Robinett Pidgeley
339,Danit Penk
340,Garreth Wimp
341,Korry Bampford
342,Kristy Faragher
343,Marlow Giannassi
344,Alla Winstone
345,Debera Bricksey
346,Tommie Duke
347,Mortie Gurwood
348,Mozelle Enrrico
349,Saxe Shaves
350,Ivett Hachard
351,Jobie Dovidian
352,Maurizio Tissell
353,Xena Frisel
354,Richy Henri
355,Andre Noades
356,Mike Shorrock
357,Dunn Treweela
358,Fleming Schwanden
359,Osbourn Lindenblatt
360,Milly Francey
361,Virgina Perot
362,Kennedy Morrel
363,Natividad Ivons
364,Allegra Dales
365,Caldwell Barczynski
366,Dasya Kohneke
367,Phil Pinnion
368,Veronica Antosik
369,Stoddard Kenryd
370,Fielding Halfacree
371,Molli Trask
372,Josefina Goldup
373,Francoise Wethey
374,Babb Penton
375,Wolfy Taudevin
376,Hephzibah Beatey
377,Sheila Gammill
378,Alys Brymner
379,Cornelia Leveret
380,Crosby Hassent
381,Prentice Flay
382,Barby McGirr
383,Madelyn Marde
384,Ernest Kench
385,Kattie Hamp
386,Colver Plett
387,Shamus Eckart
388,Alleyn Krochmann
389,Frederica Lippingwell
390,Krissy Persitt
391,Nichols Gouldbourn
392,Stephi Iacovone
393,Joice Rae
394,Gustavo Shackleford
395,Odell Curner
396,Stefan McAusland
397,Monique Bielfeldt
398,Lora Draisey
399,Terza Gregor
400,Aluino Towe
401,Elbertina Aizlewood
402,Shirlene McIlwrath
403,Lori Blount
404,Ginger Camplejohn
405,Koralle Ligoe
406,Terence Bednell
407,Schuyler Kembry
408,Coriss Reneke
409,Frederigo Sandeman
410,Xylia Avramow
411,Corene Di Antonio
412,Raymund Menauteau
413,Madelene Prowse
414,Colas Orts
415,Constantino Smoughton
416,Sue Bougen
417,Ivy Tomeo
418,Danica Mishaw
419,Taber Delacourt
420,Josephina Peasby
421,Meris Witham
422,Barrie Tunney
423,Gannie Josephs
424,Aurelea Frankcomb
425,Linell Bingall
426,Gaston Ogan
427,Laural Van Arsdall
428,Selia Beentjes
429,Adorne Craddy
430,Cyrillus Curphey
431,Earlie Parke
432,Lilah Golley
433,Chadd Maruska
434,Hayes Erskine Sandys
435,Clare Blois
436,Augustin Hundey
437,Robena Avrasin
438,Kati McCaffrey
439,Eilis Cannicott
440,Jannel Ennew
441,Minerva Canfer
442,Averyl Lipgens
443,Emile Boakes
444,Sharity Salamon
445,Selma Ship
446,Dwayne Ledgister
447,Maryanna Potteridge
448,Zarla Petschel
449,Nara Plewright
450,Darrell Farnall
451,Ronna Poser
452,Laurene Simoneau
453,Tadd Ledson
454,Dewie Remirez
455,Fredia Fryman
456,Crosby Darlison
457,Vilma Aikin
458,Sibylle Knighton
459,Dare Marages
460,Maisey Riggert
461,Ritchie Marjoribanks
462,Hannie Baldacchi
463,Saw Oherlihy
464,Philomena Probyn
465,Jacinda Crufts
466,Adriaens Dandison
467,Zack Coalbran
468,Berne Casswell
469,Edvard Cone
470,Ned Trude
471,Marybeth Gleadhall
472,Abigael Wanderschek
473,Tessa Rash
474,Aksel Ryburn
475,Pia Pinckney
476,Karney MacAughtrie
477,Ardine Crossfield
478,Garrott Redsull
479,Nikki Lenton
480,Daphne Birtwhistle
481,Franciska Dinse
482,Bronson Noyes
483,Rafe Halward
484,Joletta Barnwille
485,Berget Trew
486,Tedi Points
487,Alethea Weall
488,Sydelle Caldera
489,Brennen McGeaney
490,Cally Matiewe
491,Heindrick Redsall
492,Farica Quipp
493,Mercedes Lafuente
494,Shaun Pocklington
495,Tisha Talton
496,Lory Kleinbaum
497,Sylvester North
498,Wells Dunford
499,Nicolle Jonas
500,Lucilia Klasing
501,Aloysia Snaith
502,Dierdre Klass
503,Garth Frowde
504,Katusha Sandbrook
505,Curr Folker
506,Wally Creboe
507,Joane Brockley
508,Ly Frill
509,Nevil Brunroth
510,Bee Yvens
511,Opaline Windmill
512,Merrick Branno
513,Goldy Bruty
514,Raymund Pagen
515,Ki Champness
516,Lorne Wyley
517,Reginauld Foster
518,Gusty Pena
519,Aile McMichan
520,Malena Barbary
521,Tedman Briereton
522,Sampson Tuminelli
523,Dredi Boskell
524,Conrado Domengue
525,Jillayne Zammitt
526,Delaney Thrasher
527,Gill de Merida
528,Audrie Lafflin
529,Abra Despenser
530,Brigitte Servante
531,Catriona Reinbech
532,Gillan Berfoot
533,Amelina Potter
534,Reamonn Leivers
535,Cyrille Bromidge
536,Pyotr Duval
537,Brigit Gillice
538,Shirleen Beveridge
539,Klarrisa Pizzey
540,Gusta Clendening
541,Bourke Blackham
542,Sybille Alderton
543,Cordell Faier
544,Gardie Boas
545,Joshia Joire
546,Parry Tremaine
547,Raymund Damper
548,Hastie Cawdell
549,Ray Barczewski
550,Halimeda Oliffe
551,Shalom Flowers
552,Giulietta Loosely
553,Sallyann Feaks
554,Mathian Piche
555,Nester Dann
556,Axe Alves
557,Jeffy Aspinwall
558,Francine Shorto
559,Ferd Paradise
560,Jannelle Kings
561,Derrek Saich
562,Nathanael Leverington
563,Maxy Utterson
564,Maryjane Gallop
565,Kristoffer O'Hanley
566,Merissa Kelloch
567,Cristen Nise
568,Gayla Schindler
569,Denys Tinton
570,Rose Saines
571,Heinrik Dowsing
572,Wynne Birkbeck
573,Everard Rennard
574,Rebekah Melsome
575,Gwynne Fake
576,Kylie Norledge
577,Cristobal Bowlands
578,Nigel O'Grady
579,Cate Litterick
580,Dacie Cratere
581,Ailsun Sherrum
582,Klara Ginner
583,Nellie Fonquernie
584,Desiri Allatt
585,Myer Goakes
586,Petronella Bisterfeld
587,Joete Tokley
588,Stillman Musselwhite
589,Cam Baress
590,Isa Gormley
591,Tally Griffey
592,Melissa Grinsdale
593,Chicky Batch
594,Yvor Giannazzo
595,Gayelord Antunes
596,Pet Linacre
597,Catha Klainer
598,Caspar Lyles
599,Clarissa Winship
600,Ferne Donavan
601,Reyna Spenley
602,Violet Tanby
603,Deane Burgne
604,Nappy Yukhnev
605,Jervis Corrett
606,Galvin Maddinon
607,Zandra Sitlinton
608,Brewster Alelsandrowicz
609,Leticia Durn
610,Em Lawn
611,Edgar Wethers
612,Alric Tallach
613,Andrea MacNess
614,Arabelle Wain
615,Jaquenetta Lilley
616,Arleyne De Gregario
617,Barb Birtwisle
618,Bert Feldmesser
619,Kerrill Queripel
620,Valle Overland
621,Bella Wakerley
622,Way Longford
623,Elsa Stagge
624,Flore Paull
625,Bernelle Brewitt
626,Elaina Comi
627,Cahra Brine
628,Doro Elles
629,Erminia Anthill
630,Kayley Pringley
631,Timmie Sinfield
632,Jessalyn Iannello
633,Collen Cherm
634,Brook Tarborn
635,Gussy Prin
636,Rabbi Gaudin
637,Constanta Oddboy
638,Kath Burmingham
639,Fields Churchlow
640,Agosto Bourgourd
641,Gerrilee Glusby
642,Mikey Beumant
643,Jay Cecere
644,Gladi Mein
645,Margareta Rockwill
646,Rina Emms
647,Edik Kleanthous
648,Helenka McGowan
649,Aloisia Felkin
650,Garold Ruane
651,Derward Foister
652,Kippie Pomfret
653,Hew Brunsden
654,Miles Welsby
655,Jodi Beesey
656,Carmel Lawrenson
657,Darb Slark
658,Stephi Skiplorne
659,Carlita Spaule
660,Alexei Warman
661,Isidora Kemmis
662,Royall Raggett
663,Dreddy Chawner
664,Park Rouby
665,Petr Maggill'Andreis
666,Erich Bartolic
667,Francklin World
668,Alena Nancekivell
669,Tripp Neilus
670,Marshall Tarrier
671,Nevsa Thewless
672,Sile Miguel
673,Donall Beverley
674,Drew Weblin
675,Gerrie Mazonowicz
676,Tome Lavens
677,Thebault Thome
678,Khalil Nockles
679,Morganica Domoni
680,Bing Rasher
681,Ardelia Pellamonuten
682,Marna Syversen
683,Burch Vanlint
684,Lavena Dinsell
685,Jamie MacMoyer
686,Cassy Harvison
687,Zorine Tight
688,Shelagh Dunkerley
689,Bastian Nutley
690,Elva McMichael
691,Renee Sidlow
692,Zoe Ten Broek
693,Lorant Mordey
694,Homerus Trencher
695,Philbert Nelle
696,Sharla Hofton
697,Dennet Port
698,Jacintha Eisak
699,Buck Fitzharris
700,Maggi Stoade
701,Loreen Semered
702,Barry O'Cannon
703,Giraldo Suddock
704,Marlyn Plester
705,Peyter Nana
706,Ewell Risborough
707,Calhoun Masding
708,Thain Voules
709,Arvy Alen
710,Pegeen Bridgstock
711,Martie Ingold
712,Clementius Chiswell
713,Gretel Wiskar
714,Ansley Miche
715,Kelbee Rickaert
716,Maggee Brezlaw
717,Lorrie Pinks
718,Audra Paulet
719,Shandeigh Lawrenz
720,Nessi Jimenez
721,Garald Phizackarley
722,Anna-maria Cornell
723,Bernadette St Pierre
724,Durward Bjerkan
725,Cheston McArthur
726,Alberto Cosker
727,Christoforo MacCarlich
728,Francisca Stivani
729,Gannie Duhig
730,Josi Hefforde
731,Giralda Dauby
732,Victoir Minogue
733,Lars Ivanikov
734,Jessie Menghi
735,Shell Toy
736,Dun Cleynman
737,Tad Batthew
738,Dolly Castro
739,Hartley Sprulls
740,Leoine Moberley
741,Kareem Seakings
742,Anett Skarin
743,Christi Galbreath
744,Delilah Miguel
745,Tadd Pawle
746,Riobard Bruineman
747,Jeni Groucock
748,Fergus Langran
749,Hamid Palffrey
750,Shannah Furzey
751,Corny Macbane
752,Kass Davis
753,Garry Crossan
754,Ferguson McCook
755,Heidie Mapholm
756,Thomasine Broinlich
757,Edward Deerness
758,Abbye Gudge
759,Zebadiah Huitt
760,Loreen Remer
761,Madelin Friedlos
762,Sukey Bartalini
763,Susanna Twinborough
764,Wylie Kiellor
765,Rivkah MacCaffrey
766,Haley Crux
767,Merrill Seville
768,Blondie Wightman
769,Elisa Johnke
770,Alwyn Foskin
771,Andy Stuttard
772,Mariann Egle
773,Sigmund Muehler
774,Brion Milmoe
775,Amaleta Archbutt
776,Isaiah Rolston
777,Mercy Pinel
778,Augustin Widmoor
779,Taffy Murname
780,Sianna MacNeilley
781,Courtnay Lamb
782,Patrica Grigoli
783,Vale McTiernan
784,Bogey Craven
785,Evelyn Renehan
786,Patricio Addie
787,Gabbey Marquot
788,Cilka Tanswell
789,Trip Arthur
790,Les De Maine
791,Cinnamon Farrar
792,Orson Lorkins
793,Christine Kasman
794,Fanny Kahler
795,Cary Zambonini
796,Carlin Clemits
797,Conney Sancho
798,Gerri Ambrozik
799,Jodee Sandom
800,Charmian McKeon
801,Mathilda Jonson
802,Ivett Kelson
803,Josefina Slyman
804,Jud Smallcomb
805,Yolanda Pudden
806,Lemuel Arendsen
807,Kirsteni Keays
808,Deana Viste
809,Hal Toupe
810,Tandie Drummond
811,Curry Boumphrey
812,Fergus Quilligan
813,Allister Dredge
814,Any O'Kennavain
815,Maggee Brilon
816,Ofella Kittless
817,Benoite Cairney
818,Ashlan Ridewood
819,Piper Spieck
820,Taite Pighills
821,Pet Bruinsma
822,Jeffy Cantillion
823,Cherish Crawley
824,Ellary Cator
825,Tan Kanzler
826,Padget Gillmor
827,Jolene Ivic
828,Jecho Gillett
829,Wernher Endrizzi
830,Harlen Derdes
831,Zaccaria MacIntosh
832,Staci Kadd
833,Barnard Tulloch
834,Adrien Varker
835,Kathleen Fillan
836,Prudi Woolacott
837,Tate Synnot
838,Calli Efford
839,Shane Duddan
840,Brad Everley
841,Teodora Bachelor
842,Shauna Kovnot
843,Freddie Benjamin
844,Morry Evreux
845,Bobbye Abbay
846,Timmie Banbury
847,Kellby Iveans
848,Augustine Glanton
849,Augustus Houlworth
850,Hewitt Olechnowicz
851,Addy Terzi
852,Krissy Blasoni
853,Ricardo Olifaunt
854,Nedda Hookes
855,Reynard Tyre
856,Bary O'Leahy
857,Florentia Skermer
858,Bonnie Brood
859,Emmery Deathridge
860,Jolee Carnson
861,Traver Kelston
862,Taddeo Agiolfinger
863,D'arcy Ruxton
864,Odelia Scading
865,Myra Tessington
866,Albrecht Skewis
867,Tomasine Norgan
868,Marshall Bradnock
869,Betsy Mallock
870,Franchot Simond
871,Monique Lamborne
872,Caspar Brocket
873,Cob McCrossan
874,Jerrie Bisson
875,Forrester Stapford
876,Stacee Lantaph
877,Valenka Casacchia
878,Pippy McConachie
879,Ody Bodle
880,Marlie Tebald
881,Fletcher Dewberry
882,Nikolai Raithbie
883,Raven Feldon
884,Pier Key
885,Mimi Marushak
886,Kate Idwal Evans
887,Nevin Macia
888,Teddie Tuplin
889,Augie Grieveson
890,Jaymie Topp
891,Marianna Gue
892,Norrie Laborda
893,Huntlee Losel
894,Hersch Ranken
895,Dre Moorman
896,Celestia Handrahan
897,Fayette Blodgetts
898,Minta Covet
899,Chiquita Parley
900,Diarmid Jiruch
901,Wiatt Tregunnah
902,Nikolia Yatman
903,Waneta Haston
904,Filippa Ucceli
905,Junia Fitzjohn
906,Esmeralda Bech
907,Melinde Crichten
908,Torr Penkman
909,Monika Niblo
910,Roberto Ifill
911,Dalston Andrivot
912,Fionna Kivelhan
913,Alphard Audus
914,Wyatt Paulsen
915,Kevon Sandyfirth
916,Kamilah Cressar
917,Denney Goggey
918,Webster Warden
919,Tore O' Borne
920,Merilyn Egdal
921,Lisabeth Puttan
922,Abigail McSherry
923,Myrtice Oldcroft
924,Randolph Tunnacliffe
925,Borg Rawe
926,Rip Norewood
927,Charmion Charrier
928,Manya O'Hogertie
929,Cati Asquith
930,Artemus Lismore
931,Randal Parman
932,Anthea Cano
933,Cody Wenzel
934,Gibbie McLelland
935,Grover Matelaitis
936,Hewett Clout
937,Rees Drage
938,Luelle Puddle
939,Viv Rastall
940,Shelli Dugdale
941,Ninetta Sallings
942,Concordia Gloy
943,Janka Lightbourn
944,Anthiathia Macvain
945,Pauli Kliche
946,Tarrah Storch
947,Daisi Goulter
948,Farlay Matyushkin
949,Eleanor Sibbs
950,Miguela Pudsey
951,Carver Timms
952,Everett Hoggin
953,Humbert Crisall
954,Broderic De Gogay
955,Willetta Claypole
956,Cacilie Del Monte
957,Ilka Fries
958,Antoinette Iacoviello
959,Kermit Pegrum
960,Monika Ackeroyd
961,Raviv Badby
962,Alana Want
963,Emlynn Tedman
964,Bartel Soares
965,Abbe Gaven
966,Fleming Oxx
967,Wilfrid Skune
968,Benedikta Mayhead
969,Jilly McEntegart
970,Betti Teffrey
971,Donny Goodhand
972,Minne Pendleton
973,Dode Maymand
974,Vladamir Merrisson
975,Karrah Maddyson
976,Marten Dyneley
977,Evan Beatty
978,Benedicto Castanone
979,Portia Grisewood
980,Kim Lemon
981,Monti Paffett
982,Ashby Worsnip
983,Ilene Charlick
984,Rickey Beacroft
985,Gerianna Verrick
986,Claiborn Bowmen
987,Manya Richard
988,Rebeca Janaszewski
989,Lonnie Ryles
990,Eileen Brotherton
991,Emogene Lockner
992,Caryn Drury
993,Ethyl Riquet
994,Marice Lysaght
995,Rickie Dacre
996,Aarika Stack
997,Hank Scott
998,Alberto Wapplington
999,Sancho Blakeden
1000,Glynis Scud
1001,Jacqueline Emeny
